Diseño alto - 44, Gaming - 33, Estudios alto - 32, Fabrica - 31, Diseño bajo - 22, Estudios - 21, Home - 11, Estudios bajo - 10, Home bajo - 00
text,Categoria
"Quiero un ordenador para jugar juegos potentes y hacer directo","Gaming"
"Necesito un PC para tareas básicas de oficina","Home bajo"
"Busco un ordenador para estudiar en la universidad","Estudios"
"Quiero un equipo para navegar por internet y usar Word","Home bajo"
"Me interesa un PC para diseño gráfico y edición de video","Diseño alto"
"Quiero un ordenador para jugar juegos de rol","Estudios"
"Quiero un ordenador para jugar juegos de rol de baja calidad","Home"
"Quiero un ordenador para editar videos de la familia","Estudios bajo"
"Quiero un ordenador para editar videos","Estudios"
"Quiero un ordenador para editar videos de una escuela","Diseño bajo"
"Quiero un ordenador para editar videos para alguien famoso", "Estudios alto"
"Quiero un ordenador que corra juegos triple A","Gaming"
"Quiero un ordenador que corra juegos triple A y tenga Wifi","Gaming"
"Necesito un ordenador para programar videojuegos Que tengan muchos requisitos","Diseño alto"
"Quiero un ordenador para programar videojuegos pixelart", "Estudios"
"Quiero un ordenador para programar videojuegos", "Estudios alto"
"Quiero un PC para aprender a programar y practicar en casa","Estudios bajo"
"Necesito un ordenador para diseñar maquetas 3D complejas","Diseño alto"
"Busco un PC económico para escribir documentos y ver películas","Home bajo"
"Quiero un equipo para hacer streaming y editar videos profesionalmente","Gaming"
"Necesito un ordenador para tareas académicas generales","Estudios"
"Busco un PC que me sirva para jugar y editar fotos básicas","Home"
"Quiero un ordenador para un estudiante de diseño gráfico","Estudios alto"
"Busco un PC para tareas domésticas y jugar ocasionalmente","Home"
"Quiero un PC para uso general y gaming ligero","Home"
"Necesito un equipo para programar en Python y C++","Home"
"Quiero un ordenador para experimentar con realidad virtual","Estudios alto"
"Busco un PC para modelar en 3D y renderizar animaciones","Gaming"
"Necesito un tipo de ordenador para una empresa que se dedica a modelar en 3D y renderizar animaciones","Diseño alto"
"Quiero una computadora para ver series y películas en 4K","Estudios bajo"
"Me hace falta un ordenador para mis clases online de matemáticas","Home bajo"
"Necesito un PC para jugar a juegos indie","Home"
"Quiero un ordenador para editar podcasts y audios","Home"
"Busco un equipo para hacer análisis de datos con grandes volúmenes","Fabrica"
"Deseo un ordenador para jugar a juegos de estrategia en línea","Estudios"
"Quiero un PC para uso diario y ocasionalmente editar fotos","Estudios bajo"
"Busco un ordenador para crear y editar música en casa","Estudios"
"Necesito un PC para jugar a juegos retro y emuladores","Estudios bajo"
"Quiero un ordenador para clases de diseño básico","Diseño bajo"
"Deseo un equipo para hacer streaming de mis sesiones de juego","Gaming"
"Busco un ordenador para usar software de simulación científica","Estudios alto"
"Quiero un PC para jugar a juegos de construcción y estrategia","Estudios alto"
"Necesito un ordenador para ver videos 360 y VR","Gaming"
"Quiero un equipo para trabajar en diseño de interiores","Diseño alto"
"Busco un PC para programar aplicaciones móviles","Estudios"
"Quiero un ordenador para uso general y ocasional edición de videos caseros","Estudios bajo"
"Necesito un ordenador para editar videos con salida HDMI y DisplayPort","Diseño bajo"
"Quiero un PC para jugar con WiFi y Bluetooth","Diseño bajo"
"Busco un ordenador para programar que tenga 16GB de RAM","Estudios"
"Deseo un equipo para diseño gráfico con 32GB de RAM y salida HDMI","Diseño alto"
"Quiero un ordenador para uso básico con WiFi","Home bajo"
"Busco un PC para usar en casa con salida HDMI y DisplayPort","Home"
"Quiero un ordenador para jugar con WiFi integrado","Home"
"Necesito un PC para diseño gráfico con 64GB de RAM","Diseño alto"
"Busco un ordenador para editar videos con salida HDMI","Diseño bajo"
"Deseo un equipo para programar con Bluetooth","Home"
"Quiero un ordenador para clases con WiFi","Estudios bajo"
"Necesito un PC para jugar con salida HDMI y DisplayPort","Diseño bajo"
"Busco un ordenador para diseño con salida HDMI y VGA","Estudios alto"
"Quiero un equipo para ver películas con salida HDMI y WiFi","Home bajo"
"Deseo un ordenador para editar fotos con 32GB de RAM","Estudios alto"
"Busco un PC para usar en casa con WiFi y Bluetooth","Home"
"Quiero un ordenador para tareas básicas con salida HDMI y WiFi","Home bajo"
"Necesito un PC para trabajo con 16GB de RAM y WiFi","Estudios bajo"
"Deseo un equipo para diseño con WiFi y Bluetooth","Diseño bajo"
"Quiero un ordenador para jugar con 32GB de RAM","Gaming"
"Busco un PC para edición de video con salida HDMI, DisplayPort y WiFi","Estudios"
"Quiero un ordenador para programar con WiFi y 16GB de RAM","Estudios"
"Necesito un PC para jugar con salida HDMI y Bluetooth","Diseño bajo"
"Busco un ordenador para diseño con 64GB de RAM y salida HDMI","Diseño alto"
"Deseo un equipo para ver películas con WiFi y salida HDMI","Home bajo"
"Quiero un ordenador para clases con 8GB de RAM y WiFi","Estudios bajo"
"Necesito un PC para modelado 3D con salida DisplayPort","Estudios alto"
"Busco un ordenador para jugar con WiFi, HDMI y Bluetooth","Estudios"
"Quiero un PC para tareas de oficina con WiFi y salida HDMI","Home bajo"
"Deseo un equipo para editar audio con WiFi y 32GB de RAM","Estudios"
"Busco un ordenador para programación con salida HDMI y 16GB de RAM","Estudios bajo"
"Quiero un ordenador para jugar y editar videos con WiFi y salida HDMI","Diseño bajo"
"Necesito un PC para diseño gráfico con salida DisplayPort y WiFi","Diseño bajo"
"Busco un PC para jugar con salida HDMI, WiFi y 16GB de RAM","Estudios"

































































asdasdaasdasdaasdasdaasdasdaasdasdaasdasdaasdasdaasdasdaasdasdaasdasdaasdasdaasdasdaasdasdaasdasdaasdasdaasdasdaasdasdaasdasdaasdasdaasdasdaasdasdaasdasdaasdasdaasdasdaasdasdaasdasdaasdasdaasdasdaasdasdaasdasdaasdasdaasdasdaasdasdaasdasdaasdasdaasdasdaasdasdaasdasdaasdasdaasdasdaasdasdaasdasdaasdasdaasdasdaasdasdaasdasdaasdasdaasdasdaasdasdaasdasdaasdasdaasdasdaasdasdaasdasdaasdasdaasdasdaasdasdaasdasdaasdasdaasdasdaasdasdaasdasdaasdasdaasdasdaasdasdaasdasdaasdasdaasdasdaasdasdaasdasdaasdasdaasdasdaasdasdaasdasdaasdasdaasdasdaasdasdaasdasdaasdasdaasdasdaasdasdaasdasdaasdasdaasdasdaasdasdaasdasdaasdasdaasdasdaasdasdaasdasdaasdasdaasdasdaasdasdaasdasdaasdasdaasdasdaasdasdaasdasdaasdasdaasdasdaasdasdaasdasdaasdasdaasdasdaasdasdaasdasdaasdasdaasdasdaasdasdaasdasdaasdasdaasdasdaasdasdaasdasdaasdasdaasdasdaasdasdaasdasdaasdasda



















"Quiero un ordenador para editar videos con 32GB de RAM y WiFi","Diseño alto"
"Necesito un equipo para diseño gráfico con salida HDMI y DisplayPort","Diseño alto"
"Deseo un ordenador para programar con 8GB de RAM y salida HDMI","Estudios bajo"
"Quiero un PC para uso doméstico con WiFi y Bluetooth","Home bajo"
"Busco un ordenador para jugar con 32GB de RAM y salida DisplayPort","Gaming"
"Necesito un PC para diseño con WiFi, Bluetooth y 64GB de RAM","Diseño alto"
"Deseo un equipo para editar videos con salida HDMI, WiFi y Bluetooth","Diseño alto"
"Quiero un ordenador para clases con WiFi y 16GB de RAM","Estudios bajo"
"Busco un PC para jugar con salida HDMI, DisplayPort y WiFi","Gaming"
"Quiero un ordenador para trabajar con salida HDMI y 32GB de RAM","Estudios alto"
"Necesito un equipo para diseño con salida HDMI, WiFi y 16GB de RAM","Diseño bajo"
"Quiero un ordenador para jugar con 64GB de RAM y WiFi","Gaming"
"Necesito un PC para diseño gráfico con salida HDMI, WiFi y Bluetooth","Diseño alto"
"Busco un ordenador para programar con WiFi, 32GB de RAM y salida HDMI","Estudios alto"
"Deseo un equipo para ver películas con WiFi y salida DisplayPort","Home bajo"
"Quiero un PC para clases online con 8GB de RAM y WiFi","Estudios bajo"
"Necesito un ordenador para trabajar con salida HDMI, DisplayPort y WiFi","Estudios alto"
"Busco un PC para editar fotos con WiFi, 16GB de RAM y salida HDMI","Estudios alto"
"Deseo un ordenador para jugar con salida HDMI, DisplayPort y 32GB de RAM","Gaming"
"Quiero un equipo para editar videos con WiFi, Bluetooth y salida HDMI","Diseño alto"
"Busco un ordenador para uso diario con WiFi, HDMI y 8GB de RAM","Home bajo"
"Quiero un PC para diseño 3D con WiFi, 64GB de RAM y salida DisplayPort","Diseño alto"
"Necesito un equipo para programar con salida HDMI, WiFi y 16GB de RAM","Estudios alto"
"Busco un ordenador para jugar con salida HDMI, WiFi, Bluetooth y 32GB de RAM","Gaming"
"Quiero un PC para editar videos con WiFi, 64GB de RAM y salida HDMI","Diseño alto"
"Necesito un equipo para diseño gráfico con salida DisplayPort, WiFi y 32GB de RAM","Diseño alto"
"Deseo un ordenador para programar con 16GB de RAM, WiFi y salida HDMI","Estudios alto"
"Quiero un ordenador para ver películas con WiFi, Bluetooth y salida HDMI","Home bajo"
"Busco un PC para jugar con 8GB de RAM, salida HDMI y WiFi","Gaming"
"Necesito un ordenador para trabajar con salida HDMI, WiFi y 16GB de RAM","Estudios alto"
"Deseo un equipo para diseño con salida DisplayPort, WiFi, Bluetooth y 32GB de RAM","Diseño alto"
"Busco un ordenador para jugar con 32GB de RAM, WiFi, 1TB de espacio en SSD y salida HDMI","Gaming"
"Quiero un PC para editar videos con WiFi, salida HDMI, Bluetooth, 64GB de RAM y 2TB en NVME","Diseño alto",
"Necesito un equipo para diseño gráfico con 32GB de RAM, WiFi, salida DisplayPort y 512GB en SSD","Diseño alto",
"Deseo un ordenador para programar con 16GB de RAM, WiFi, 256GB en SSD y salida HDMI","Estudios alto",
"Quiero un ordenador para uso doméstico con WiFi, salida HDMI, 1TB en HDD y 8GB de RAM","Home bajo",
"Busco un PC para jugar con 8GB de RAM, salida HDMI, WiFi y 500GB en SSD","Gaming",
"Necesito un ordenador para trabajar con salida HDMI, WiFi, 16GB de RAM y 1TB en NVME","Estudios alto",
"Deseo un equipo para diseño con salida DisplayPort, WiFi, Bluetooth, 32GB de RAM y 2TB en SSD","Diseño alto",
"Quiero un ordenador para jugar con 64GB de RAM, WiFi, Bluetooth, salida HDMI y 2TB en NVME","Gaming",
"Necesito un PC para diseño gráfico con salida HDMI, DisplayPort, WiFi, 64GB de RAM y 4TB en SSD","Diseño alto",
"Busco un ordenador para programar con 32GB de RAM, WiFi, salida HDMI y 1TB en SSD","Estudios alto"
"Deseo un equipo para ver películas con WiFi, salida HDMI, 500GB en HDD y 8GB de RAM","Home bajo",
"Quiero un PC para clases online con WiFi, 16GB de RAM, 256GB en SSD y salida HDMI","Estudios bajo",
"Necesito un ordenador para trabajar con salida DisplayPort, WiFi, 32GB de RAM y 512GB en NVME","Estudios alto",
"Busco un PC para diseño 3D con WiFi, salida HDMI, 64GB de RAM y 2TB en SSD","Diseño alto",
"Deseo un ordenador para editar videos con WiFi, Bluetooth, salida HDMI, 32GB de RAM y 1TB en NVME","Diseño alto",
"Quiero un ordenador para jugar en línea","Gaming"
"Necesito un PC para editar fotos","Estudios alto"
"Busco un ordenador para diseño 3D","Diseño alto"
"Deseo un equipo para programar","Estudios alto"
"Quiero un ordenador para ver películas","Home bajo"
"Necesito un PC para estudiar","Estudios bajo"
"Busco un ordenador para jugar juegos ligeros","Home"
"Deseo un equipo para editar videos caseros","Home bajo"
"Quiero un ordenador para tareas básicas","Home bajo"
"Busco un PC para uso en casa","Home"
"Quiero un ordenador para jugar juegos casuales","Home"
"Necesito un PC para programar aplicaciones","Estudios alto"
"Busco un ordenador para diseño de interiores","Diseño alto"
"Deseo un equipo para editar música","Estudios"
"Quiero un ordenador para navegar por internet","Home bajo"
"Necesito un PC para clases de matemáticas","Estudios bajo"
"Busco un ordenador para jugar juegos de estrategia","Gaming"
"Deseo un equipo para editar videos de YouTube","Diseño alto"
"Quiero un ordenador para escribir documentos","Home bajo"
"Necesito un PC para tareas escolares","Estudios bajo"
"Quiero un ordenador para jugar juegos de simulación","Gaming"
"Necesito un PC para diseñar modelos en 3D","Diseño alto"
"Busco un ordenador para estudiar programación","Estudios bajo"
"Deseo un equipo para editar fotos profesionalmente","Estudios alto"
"Quiero un ordenador para ver series","Home bajo"
"Necesito un PC para tareas administrativas","Home bajo"
"Busco un ordenador para jugar juegos de aventura","Gaming"
"Deseo un equipo para crear presentaciones","Estudios bajo"
"Quiero un ordenador para uso personal","Home"
"Necesito un PC para trabajar en casa","Home bajo"
"Quiero un ordenador para jugar juegos de deportes","Gaming"
"Necesito un PC para aprender a programar en Python","Estudios bajo"
"Busco un ordenador para diseño de productos","Diseño alto"
"Deseo un equipo para editar videos de boda","Diseño alto"
"Quiero un ordenador para ver tutoriales","Home bajo"
"Necesito un PC para hacer gráficos para mi empresa","Estudios alto"
"Busco un ordenador para jugar juegos de carreras","Gaming"
"Deseo un equipo para editar podcasts","Estudios"
"Quiero un ordenador para uso general","Home bajo"
"Necesito un PC para clases online","Estudios bajo"
"Quiero un ordenador para jugar juegos de mesa digitales","Gaming"
"Necesito un PC para aprender diseño web","Estudios bajo"
"Busco un ordenador para diseñar joyas","Diseño alto"
"Deseo un equipo para editar videos de viaje","Diseño alto"
"Quiero un ordenador para ver documentales","Home bajo"
"Necesito un PC para hacer análisis de datos","Estudios alto"
"Busco un ordenador para jugar juegos de terror","Gaming"
"Deseo un equipo para editar videos de cocina","Diseño bajo"
"Quiero un ordenador para leer libros digitales","Home bajo"
"Necesito un PC para estudiar historia","Estudios bajo"
"Busco un ordenador para jugar juegos de supervivencia","Gaming"
"Deseo un equipo para editar videos de deporte","Diseño alto"
"Quiero un ordenador para escuchar música","Home bajo"
"Necesito un PC para estudiar idiomas","Estudios bajo"
"Busco un ordenador para jugar juegos de puzzle","Home"
"Deseo un equipo para editar videos de mascotas","Diseño bajo"
"Quiero un ordenador para ver anime","Home bajo"
"Necesito un PC para estudiar ciencias","Estudios bajo"
"Busco un ordenador para jugar juegos educativos","Home"
"Deseo un equipo para editar videos de eventos","Diseño alto"
"Quiero un ordenador para jugar juegos de acción con gráficos avanzados","Gaming"
"Necesito un PC para editar videos 4K con salida HDMI","Diseño alto"
"Busco un ordenador para diseño 3D con 32GB de RAM","Diseño alto"
"Deseo un equipo para programar en Java con 16GB de RAM y WiFi","Estudios alto"
"Quiero un ordenador para ver películas en Blu-ray con salida HDMI","Home bajo"
"Necesito un PC para estudiar ingeniería con 8GB de RAM y salida DisplayPort","Estudios alto",
"Busco un ordenador para jugar juegos de estrategia con WiFi y Bluetooth","Gaming"
"Deseo un equipo para editar fotos con 64GB de RAM y WiFi","Estudios alto"
"Quiero un ordenador para uso general con salida HDMI y 8GB de RAM","Home bajo"
"Necesito un PC para clases online con WiFi y 16GB de RAM","Estudios bajo"
"Busco un ordenador para diseño gráfico con salida HDMI y DisplayPort","Diseño alto"
"Deseo un equipo para jugar juegos de rol con salida HDMI y WiFi","Gaming"
"Quiero un ordenador para editar videos de YouTube con WiFi y 32GB de RAM","Diseño alto"
"Necesito un PC para trabajar en diseño web con salida HDMI y 16GB de RAM","Estudios alto"
"Quiero un ordenador para jugar juegos de acción con gráficos avanzados","Gaming"
"Necesito un PC para editar videos en 4K con múltiples monitores","Diseño alto"
"Busco un ordenador para diseño 3D con alta capacidad de renderizado","Diseño alto"
"Deseo un equipo para programar en lenguajes de alto rendimiento","Estudios alto"
"Quiero un ordenador para ver películas en alta definición y jugar ocasionalmente","Home"
"Necesito un PC para estudiar ingeniería con capacidad para multitarea","Estudios alto"
"Busco un ordenador para jugar juegos de estrategia con iluminación RGB","Gaming"
"Deseo un equipo para editar fotos profesionalmente con gran capacidad de almacenamiento","Estudios alto"
"Quiero un ordenador para uso general con conexión inalámbrica y buen almacenamiento","Home bajo"
"Necesito un PC para clases online con conectividad completa y suficiente rendimiento","Estudios bajo"